epoch,accuracy,loss,lr,val_accuracy,val_loss
0,0.02500000037252903,4.341686248779297,0.01,2.0,-16.4075
1,0.03125,3.843296527862549,0.01,2.25,2.1075
2,0.036249998956918716,3.5034537315368652,0.01,3.75,-2.21
3,0.04125000163912773,3.3637876510620117,0.01,2.25,-21.3225
4,0.03375000134110451,3.320638418197632,0.01,3.5000000000000004,-5.555
5,0.048124998807907104,3.2881767749786377,0.01,3.25,-6.18
6,0.061250001192092896,3.2213873863220215,0.01,5.0,-10.295
7,0.06437499821186066,3.212395668029785,0.01,2.5,-11.0375
8,0.06187500059604645,3.1755685806274414,0.01,5.25,-3.9825
9,0.0625,3.1580443382263184,0.01,5.5,-6.1175
10,0.07999999821186066,3.1150219440460205,0.01,4.25,-2.3725
11,0.04374999925494194,3.32133150100708,0.1,4.75,-9.145
12,0.051249999552965164,3.3326611518859863,0.1,3.5000000000000004,-2.0875
13,0.039374999701976776,3.292593479156494,0.1,6.0,-0.5325
14,0.06937500089406967,3.2457754611968994,0.1,6.25,15.6125
15,0.06499999761581421,3.1518683433532715,0.1,8.75,6.6975
16,0.08250000327825546,3.113943099975586,0.1,5.75,-8.91
17,0.08874999731779099,3.0864856243133545,0.1,10.0,2.5
18,0.10437499731779099,3.0162553787231445,0.1,6.0,-6.8125
19,0.13437500596046448,2.939185380935669,0.1,12.5,-0.3275
20,0.1262499988079071,2.8909926414489746,0.1,10.25,1.58
21,0.16374999284744263,2.8411998748779297,0.1,14.499999999999998,-2.1725
22,0.15062500536441803,2.809081792831421,0.1,13.750000000000002,-0.8925
23,0.1862500011920929,2.802210807800293,0.1,18.25,-0.5125
24,0.18062500655651093,2.7356317043304443,0.1,18.0,0.26
25,0.21312500536441803,2.7125742435455322,0.1,15.75,-0.8975
26,0.20874999463558197,2.6941094398498535,0.1,18.25,-0.0025
27,0.23250000178813934,2.639162540435791,0.1,31.5,-0.12
28,0.21937499940395355,2.6454668045043945,0.1,28.999999999999996,3.8225
29,0.23499999940395355,2.643704414367676,0.1,23.75,1.7175
30,0.24124999344348907,2.580571174621582,0.1,32.25,-0.685
31,0.25312501192092896,2.57460880279541,0.1,36.5,-0.7075
32,0.2762500047683716,2.5028934478759766,0.1,33.0,-2.02
33,0.2750000059604645,2.5062835216522217,0.1,41.5,-2.5
34,0.28312501311302185,2.5117452144622803,0.1,32.25,-0.3375
35,0.29875001311302185,2.4416115283966064,0.1,30.0,0.2275
36,0.2824999988079071,2.466783046722412,0.1,37.5,1.125
37,0.29624998569488525,2.4367570877075195,0.1,38.25,2.4925
38,0.28999999165534973,2.4125800132751465,0.1,28.999999999999996,-0.3375
39,0.3018749952316284,2.404179334640503,0.1,45.75,-2.4125
40,0.34062498807907104,2.3657286167144775,0.1,40.5,-0.82
41,0.3306249976158142,2.3640646934509277,0.1,45.75,0.4225
42,0.3474999964237213,2.354611396789551,0.1,49.75,-0.2875
43,0.33250001072883606,2.3210794925689697,0.1,45.25,-1.5225
44,0.33687499165534973,2.313812017440796,0.1,51.74999999999999,3.52
45,0.33375000953674316,2.3216969966888428,0.1,44.25,3.21
46,0.3606249988079071,2.2553577423095703,0.1,49.5,1.725
47,0.38374999165534973,2.249614715576172,0.1,36.0,-4.505
48,0.37312498688697815,2.234201669692993,0.1,49.5,-2.0425
49,0.3843750059604645,2.2287306785583496,0.1,45.75,0.4975
50,0.38062500953674316,2.218510389328003,0.1,53.5,-2.9875
51,0.39625000953674316,2.1674416065216064,0.1,51.5,0.2375
52,0.3943749964237213,2.1718294620513916,0.1,44.0,-0.24
53,0.40062499046325684,2.156355857849121,0.1,50.74999999999999,0.79
54,0.39750000834465027,2.1509060859680176,0.1,44.75,1.69
55,0.4168750047683716,2.147388458251953,0.1,59.75,0.5175
56,0.38874998688697815,2.1546642780303955,0.1,59.75,-0.03
57,0.40562498569488525,2.1686997413635254,0.1,53.0,2.0575
58,0.41749998927116394,2.130194902420044,0.1,51.5,1.53
59,0.4456250071525574,2.0637457370758057,0.1,58.25,0.37
60,0.4074999988079071,2.108222246170044,0.1,56.99999999999999,-1.4875
61,0.43187499046325684,2.0835154056549072,0.1,45.0,0.135
62,0.41749998927116394,2.109048843383789,0.1,51.74999999999999,-1.3175
63,0.4337500035762787,2.0758204460144043,0.1,61.0,0.9225
64,0.4168750047683716,2.0881874561309814,0.1,62.74999999999999,1.185
65,0.43937501311302185,2.036533832550049,0.1,63.0,0.1975
66,0.4231249988079071,2.06453800201416,0.1,62.25000000000001,-0.4075
67,0.4650000035762787,1.992353916168213,0.1,62.5,-0.1475
68,0.4350000023841858,2.0604751110076904,0.1,51.74999999999999,0.24
69,0.4387499988079071,2.049339771270752,0.1,56.75,2.225
70,0.4568749964237213,2.0105292797088623,0.1,54.50000000000001,2.3875
71,0.4456250071525574,2.026825189590454,0.1,60.25,0.75
72,0.4468750059604645,2.039827823638916,0.1,55.00000000000001,0.795
73,0.4375,2.026503324508667,0.1,59.5,1.0825
74,0.4312500059604645,2.0313408374786377,0.1,61.0,-1.365
75,0.4424999952316284,1.9927438497543335,0.1,59.0,1.125
76,0.4637500047683716,1.976322889328003,0.1,57.49999999999999,-0.7725
77,0.45750001072883606,1.959521770477295,0.1,56.25,-0.175
78,0.46437498927116394,1.9525490999221802,0.1,63.74999999999999,-1.37
79,0.4650000035762787,1.9635909795761108,0.1,66.75,-0.065
80,0.45625001192092896,1.9787541627883911,0.1,62.0,0.6825
81,0.46437498927116394,1.9438080787658691,0.1,65.75,-1.5175
82,0.484375,1.9312760829925537,0.1,61.75000000000001,0.45
83,0.4868749976158142,1.903161883354187,0.1,67.5,-1.595
84,0.4768750071525574,1.9188275337219238,0.1,61.75000000000001,0.545
85,0.46812498569488525,1.930293083190918,0.1,64.25,0.24
86,0.5012500286102295,1.8951159715652466,0.1,64.75,-0.0875
87,0.46812498569488525,1.9280940294265747,0.1,66.75,-0.455
88,0.47874999046325684,1.9033913612365723,0.1,66.5,0.1675
89,0.5037500262260437,1.8525694608688354,0.1,62.25000000000001,1.3825
90,0.4987500011920929,1.8592578172683716,0.1,64.5,1.1125
91,0.5012500286102295,1.8221015930175781,0.1,57.75,1.245
92,0.4975000023841858,1.859493613243103,0.1,59.0,-0.9275
93,0.5149999856948853,1.8576786518096924,0.1,65.25,0.92
94,0.48875001072883606,1.8532867431640625,0.1,65.75,-0.1225
95,0.5174999833106995,1.8064745664596558,0.1,66.0,1.2775
96,0.5093749761581421,1.840385913848877,0.1,70.0,-0.1325
97,0.5118749737739563,1.8090368509292603,0.1,67.5,-0.84
98,0.4831250011920929,1.8750942945480347,0.1,67.0,0.24
99,0.4918749928474426,1.825199842453003,0.1,69.75,-1.425
100,0.5087500214576721,1.8165583610534668,0.1,60.5,-3.7775
101,0.5212500095367432,1.7815338373184204,0.1,68.25,-0.7825
102,0.5393750071525574,1.757761836051941,0.1,66.0,0.3425
103,0.5149999856948853,1.8257173299789429,0.1,72.25,-0.625
104,0.5243750214576721,1.7810765504837036,0.1,72.5,-0.535
105,0.5043749809265137,1.8110369443893433,0.1,65.0,-0.2925
106,0.5087500214576721,1.793115496635437,0.1,65.75,0.35
107,0.5243750214576721,1.7960476875305176,0.1,67.75,-0.5425
108,0.4962500035762787,1.834944248199463,0.1,69.75,-0.84
109,0.515625,1.7638955116271973,0.1,59.75,-0.4925
110,0.5362499952316284,1.7739932537078857,0.1,74.25,0.16
111,0.5368750095367432,1.7504199743270874,0.1,68.0,0.98
112,0.5350000262260437,1.7567781209945679,0.1,65.75,-1.125
113,0.5581250190734863,1.6882309913635254,0.1,69.0,-0.725
114,0.5537499785423279,1.7329840660095215,0.1,71.25,-0.3875
115,0.5456249713897705,1.7164884805679321,0.1,66.75,1.3275
116,0.5387499928474426,1.735976219177246,0.1,73.75,0.1825
117,0.5362499952316284,1.7445510625839233,0.1,63.0,1.82
118,0.5168750286102295,1.7508500814437866,0.1,69.5,0.4775
119,0.5287500023841858,1.7351053953170776,0.1,68.75,-2.66
120,0.5531250238418579,1.7068414688110352,0.1,72.0,-0.1525
121,0.5356249809265137,1.7454578876495361,0.1,71.25,1.22
122,0.5400000214576721,1.7565997838974,0.1,72.75,-0.8775
123,0.5493749976158142,1.7190722227096558,0.1,71.0,0.8725
124,0.5649999976158142,1.6828922033309937,0.1,74.0,-0.76
125,0.5556250214576721,1.6890658140182495,0.1,74.25,0.265
126,0.5581250190734863,1.6616575717926025,0.1,73.25,-0.27
127,0.5606250166893005,1.682828426361084,0.1,66.75,0.205
128,0.5368750095367432,1.7256247997283936,0.1,72.25,-0.4325
129,0.5712500214576721,1.6544280052185059,0.1,73.25,0.3375
130,0.5674999952316284,1.638826608657837,0.1,68.75,-0.78
131,0.5724999904632568,1.6642285585403442,0.1,70.75,-1.4075
132,0.5881249904632568,1.6431416273117065,0.1,70.25,-0.51
133,0.5824999809265137,1.648773193359375,0.1,73.25,-0.2875
134,0.5681250095367432,1.645169973373413,0.1,74.75,-1.13
135,0.5881249904632568,1.6094988584518433,0.1,74.0,-0.035
136,0.5512499809265137,1.6882717609405518,0.1,59.75,0.0825
137,0.5681250095367432,1.650908350944519,0.1,75.5,-0.1075
138,0.581250011920929,1.6240737438201904,0.1,71.5,1.3975
139,0.5743749737739563,1.6288354396820068,0.1,72.75,0.745
140,0.5787500143051147,1.6370043754577637,0.1,66.0,-0.6875
141,0.5774999856948853,1.6560940742492676,0.1,76.25,-0.89
142,0.5893750190734863,1.6297153234481812,0.1,67.0,-0.145
143,0.5699999928474426,1.6469447612762451,0.1,72.5,0.535
144,0.5981249809265137,1.5955067873001099,0.1,73.25,-0.7
145,0.5693749785423279,1.6473175287246704,0.1,73.75,-0.84
146,0.5868750214576721,1.6066944599151611,0.1,73.5,0.19
147,0.5787500143051147,1.6121766567230225,0.1,71.25,0.3175
148,0.574999988079071,1.5822502374649048,0.1,68.75,-0.48
149,0.5831249952316284,1.628324031829834,0.1,74.0,-0.06
150,0.5768749713897705,1.6026184558868408,0.1,72.0,-0.955
151,0.5831249952316284,1.6230838298797607,0.1,73.5,-0.4925
152,0.5793750286102295,1.5947692394256592,0.1,67.25,-0.48
153,0.5849999785423279,1.5863150358200073,0.1,75.25,0.41
154,0.6012499928474426,1.5537421703338623,0.1,75.0,-1.39
155,0.6175000071525574,1.5424820184707642,0.1,72.75,0.3025
156,0.5993750095367432,1.5220823287963867,0.1,71.5,-0.725
157,0.5831249952316284,1.5929919481277466,0.1,66.75,-0.135
158,0.5806249976158142,1.5841643810272217,0.1,73.0,1.4225
159,0.5849999785423279,1.6144804954528809,0.1,75.75,1.1725
160,0.596875011920929,1.5705368518829346,0.1,73.75,-0.34
161,0.596875011920929,1.5606584548950195,0.1,75.0,1.5925
162,0.5943750143051147,1.542969822883606,0.1,69.25,2.2425
163,0.6181250214576721,1.5241858959197998,0.1,75.5,0.3025
164,0.606249988079071,1.5298963785171509,0.1,72.5,0.1975
165,0.5837500095367432,1.5809228420257568,0.1,72.25,-0.32
166,0.590624988079071,1.5628631114959717,0.1,76.75,0.3675
167,0.6225000023841858,1.5165345668792725,0.1,75.0,0.2525
168,0.6187499761581421,1.5158249139785767,0.1,69.75,-1.8925
169,0.5837500095367432,1.5960367918014526,0.1,75.75,-0.135
170,0.5987499952316284,1.5116146802902222,0.1,69.25,-0.2175
171,0.6012499928474426,1.5362735986709595,0.1,75.0,-0.6975
172,0.6012499928474426,1.5389736890792847,0.1,73.5,0.0875
173,0.612500011920929,1.5320483446121216,0.1,74.5,-0.09
174,0.6343749761581421,1.488236427307129,0.1,77.5,0.7225
175,0.6068750023841858,1.531563401222229,0.1,73.5,-0.7225
176,0.6087499856948853,1.5157759189605713,0.1,75.25,-0.3625
177,0.6268749833106995,1.483425498008728,0.1,75.0,0.815
178,0.6150000095367432,1.4687151908874512,0.1,76.0,0.2325
179,0.5956249833106995,1.519545078277588,0.1,75.5,-0.3575
180,0.6268749833106995,1.4727283716201782,0.1,74.0,0.835
181,0.6031249761581421,1.5443153381347656,0.1,73.5,0.8875
182,0.6343749761581421,1.4690933227539062,0.1,76.5,0.3725
183,0.6237499713897705,1.4727222919464111,0.1,73.75,-0.73
184,0.6287500262260437,1.4668388366699219,0.1,77.25,-0.45
185,0.6225000023841858,1.5033814907073975,0.1,77.0,0.485
186,0.6225000023841858,1.4876048564910889,0.1,75.75,0.655
187,0.6337500214576721,1.4600746631622314,0.1,73.0,-0.83
188,0.6025000214576721,1.5219050645828247,0.1,74.75,-1.505
189,0.6100000143051147,1.5006829500198364,0.1,71.5,0.2125
190,0.6318749785423279,1.4657517671585083,0.1,76.25,0.17
191,0.6212499737739563,1.450127363204956,0.1,71.0,-0.0275
192,0.609375,1.5082261562347412,0.1,76.75,-0.105
193,0.6293749809265137,1.4560900926589966,0.1,75.25,-0.14
194,0.6299999952316284,1.4482262134552002,0.1,75.25,0.4625
195,0.6131250262260437,1.5129913091659546,0.1,73.75,0.725
196,0.6299999952316284,1.488447904586792,0.1,74.75,0.01
197,0.6343749761581421,1.464246392250061,0.1,71.75,0.3175
198,0.643750011920929,1.433995246887207,0.1,75.0,0.32
199,0.6318749785423279,1.4872862100601196,0.1,73.25,-0.5525
200,0.6431249976158142,1.4309282302856445,0.1,77.25,0.3825
201,0.6193749904632568,1.4480531215667725,0.1,73.75,-0.9
202,0.6268749833106995,1.4574525356292725,0.1,77.0,0.1525
203,0.6262500286102295,1.4674046039581299,0.1,72.0,0.235
204,0.6449999809265137,1.418296456336975,0.1,75.0,-0.135
205,0.625,1.4366159439086914,0.1,76.0,0.6675
206,0.637499988079071,1.4289435148239136,0.1,77.0,0.4575
207,0.628125011920929,1.470225214958191,0.1,77.25,-0.985
208,0.6262500286102295,1.4441359043121338,0.1,77.5,-0.23
209,0.6312500238418579,1.4018430709838867,0.1,73.75,0.4825
210,0.6474999785423279,1.406440019607544,0.1,76.75,-0.765
211,0.6456249952316284,1.4184287786483765,0.1,72.25,0.0025
212,0.6256250143051147,1.448564052581787,0.1,79.0,-0.68
213,0.6293749809265137,1.4594948291778564,0.1,77.0,-0.3425
214,0.6293749809265137,1.4657825231552124,0.1,74.25,0.1975
215,0.6656249761581421,1.4041403532028198,0.1,77.5,-0.46
216,0.6349999904632568,1.4477119445800781,0.1,76.25,-0.32
217,0.6262500286102295,1.4801936149597168,0.1,77.5,-0.155
218,0.6256250143051147,1.4159152507781982,0.1,76.25,-0.465
219,0.6537500023841858,1.369605302810669,0.1,74.75,0.15
220,0.6337500214576721,1.4350742101669312,0.1,75.25,-0.1575
221,0.6474999785423279,1.374366044998169,0.1,78.0,-0.45
222,0.637499988079071,1.4157159328460693,0.1,74.25,0.3125
223,0.6237499713897705,1.4136004447937012,0.1,76.5,-0.5425
224,0.6331250071525574,1.4517346620559692,0.1,77.75,0.05
225,0.643750011920929,1.3839837312698364,0.1,76.25,-0.1075
226,0.6662499904632568,1.370292067527771,0.1,76.75,-0.9725
227,0.6556249856948853,1.4131792783737183,0.1,69.25,0.235
228,0.6600000262260437,1.372442603111267,0.1,76.0,0.405
229,0.6524999737739563,1.389244556427002,0.1,77.0,-0.115
230,0.6512500047683716,1.3962287902832031,0.1,74.25,0.2675
231,0.6675000190734863,1.3593603372573853,0.1,73.25,-0.385
232,0.6506249904632568,1.3554306030273438,0.1,76.0,0.16
233,0.6556249856948853,1.355169653892517,0.1,74.75,-0.225
234,0.6631249785423279,1.372802734375,0.1,74.5,-0.065
235,0.6575000286102295,1.340776801109314,0.1,75.0,0.0325
236,0.6656249761581421,1.3608126640319824,0.1,76.5,-0.3725
237,0.6518750190734863,1.3970624208450317,0.1,78.25,0.3725
238,0.6499999761581421,1.3759039640426636,0.1,76.75,1.1325
239,0.6668750047683716,1.3535634279251099,0.1,78.5,0.1125
240,0.6606249809265137,1.3357771635055542,0.1,77.25,0.2525
241,0.659375011920929,1.3457958698272705,0.1,77.5,-0.14
242,0.6456249952316284,1.380865454673767,0.1,77.75,-0.2575
243,0.6600000262260437,1.3859148025512695,0.1,77.25,-0.1725
244,0.6537500023841858,1.3707356452941895,0.1,76.75,0.1625
245,0.6512500047683716,1.3837493658065796,0.1,78.75,0.0
246,0.6387500166893005,1.3871768712997437,0.1,78.0,-0.65
247,0.6625000238418579,1.336560845375061,0.1,76.75,-0.3375
248,0.6606249809265137,1.3567423820495605,0.1,75.75,-1.18
249,0.6481249928474426,1.3906919956207275,0.1,79.25,-0.2825
250,0.6556249856948853,1.3679553270339966,0.1,74.5,-0.5125
251,0.6656249761581421,1.3938053846359253,0.1,74.0,-0.065
252,0.6587499976158142,1.3779445886611938,0.1,75.75,-0.155
253,0.684374988079071,1.3268948793411255,0.1,72.5,0.695
254,0.6743749976158142,1.288773536682129,0.1,77.5,-0.325
255,0.6575000286102295,1.359002709388733,0.1,77.5,-0.3825
256,0.6737499833106995,1.3581472635269165,0.1,78.0,-0.1875
257,0.6618750095367432,1.3498060703277588,0.1,73.5,-0.455
258,0.6650000214576721,1.3494676351547241,0.1,76.75,0.14
259,0.6812499761581421,1.3205430507659912,0.1,77.0,-0.815
260,0.684374988079071,1.3428617715835571,0.1,78.0,0.02
261,0.6693750023841858,1.2916595935821533,0.1,75.5,-0.115
262,0.6768749952316284,1.3050055503845215,0.1,77.75,-0.185
263,0.6625000238418579,1.3553277254104614,0.1,76.25,-0.0925
264,0.6737499833106995,1.3044044971466064,0.1,76.75,-0.61
265,0.6806250214576721,1.3226574659347534,0.1,77.25,-0.8925
266,0.684374988079071,1.3110777139663696,0.1,77.5,0.4725
267,0.6662499904632568,1.357613205909729,0.1,75.5,0.0825
268,0.6712499856948853,1.3360174894332886,0.1,78.0,-0.68
269,0.6712499856948853,1.3127332925796509,0.1,78.0,0.47
270,0.6693750023841858,1.3471896648406982,0.1,80.0,0.59
271,0.6549999713897705,1.3387207984924316,0.1,75.5,-0.05
272,0.6737499833106995,1.3141952753067017,0.1,74.75,-0.445
273,0.6793749928474426,1.3094433546066284,0.1,78.5,0.1475
274,0.671875,1.302331805229187,0.1,76.0,-0.4725
275,0.6662499904632568,1.3389865159988403,0.1,76.5,0.2625
276,0.6681249737739563,1.3103214502334595,0.1,74.5,-0.025
277,0.6918749809265137,1.2964648008346558,0.1,75.5,-0.1175
278,0.671875,1.3249205350875854,0.1,75.75,-0.4575
279,0.668749988079071,1.331056833267212,0.1,74.25,-0.0825
280,0.6449999809265137,1.3567391633987427,0.1,78.25,0.0575
281,0.6543750166893005,1.360491156578064,0.1,77.25,0.14
282,0.6643750071525574,1.3291798830032349,0.1,76.0,0.595
283,0.6731250286102295,1.323891043663025,0.1,78.75,-0.11
284,0.6825000047683716,1.2871763706207275,0.1,76.5,0.21
285,0.6875,1.280908226966858,0.1,77.5,-0.1325
286,0.6893749833106995,1.2756003141403198,0.1,72.25,-0.055
287,0.690625011920929,1.2635077238082886,0.1,77.5,-0.2325
288,0.671875,1.2932385206222534,0.1,78.75,0.0425
289,0.675000011920929,1.2751535177230835,0.1,77.75,-0.6425
290,0.6800000071525574,1.3105473518371582,0.1,78.0,0.6225
291,0.6668750047683716,1.3243417739868164,0.1,77.75,0.36
292,0.6556249856948853,1.344283938407898,0.1,77.5,0.4025
293,0.6806250214576721,1.2873704433441162,0.1,75.75,0.085
294,0.6762499809265137,1.2993792295455933,0.1,77.25,-0.0125
295,0.6831250190734863,1.3290752172470093,0.1,78.5,-0.24
296,0.6768749952316284,1.273122787475586,0.1,76.25,-0.1625
297,0.699999988079071,1.2819737195968628,0.1,75.75,-0.155
298,0.6937500238418579,1.268918752670288,0.1,76.25,-0.61
299,0.6887500286102295,1.2630618810653687,0.1,76.75,-0.575
300,0.699999988079071,1.271142840385437,0.1,77.25,-0.005
301,0.6693750023841858,1.2814035415649414,0.01,77.75,-0.11
302,0.6775000095367432,1.291247844696045,0.01,77.75,-0.08
303,0.7049999833106995,1.2958835363388062,0.01,77.0,-0.26
304,0.7068750262260437,1.2237348556518555,0.01,77.75,-0.115
305,0.7106249928474426,1.233567714691162,0.01,78.5,-0.2525
306,0.6993749737739563,1.2453898191452026,0.01,78.25,-0.12
307,0.7131249904632568,1.228057861328125,0.01,77.75,-0.1325
308,0.6631249785423279,1.302297830581665,0.01,78.5,0.09
309,0.6931250095367432,1.2155697345733643,0.01,78.75,0.0225
310,0.690625011920929,1.2472232580184937,0.01,78.5,-0.1225
311,0.7068750262260437,1.2076927423477173,0.01,78.0,0.1425
312,0.7056249976158142,1.2445679903030396,0.01,79.25,-0.1125
313,0.7024999856948853,1.197015404701233,0.01,77.75,-0.0325
314,0.6931250095367432,1.2437102794647217,0.01,77.75,0.2175
315,0.7137500047683716,1.214187502861023,0.01,79.75,0.2275
316,0.7012500166893005,1.2064961194992065,0.01,79.75,0.0425
317,0.71875,1.1968079805374146,0.01,79.0,0.0675
318,0.6968749761581421,1.2441320419311523,0.01,79.5,-0.0725
319,0.6981250047683716,1.2041447162628174,0.01,78.5,0.1
320,0.7056249976158142,1.200310230255127,0.01,78.0,0.0325
321,0.7068750262260437,1.226265788078308,0.01,78.75,0.0925
322,0.7212499976158142,1.177567720413208,0.01,79.5,0.135
323,0.699999988079071,1.2252048254013062,0.01,78.75,0.175
324,0.7243750095367432,1.1791069507598877,0.01,77.25,-0.07
325,0.7256249785423279,1.1522010564804077,0.01,78.0,-0.3
326,0.6918749809265137,1.219619631767273,0.01,79.0,0.2175
327,0.6937500238418579,1.1969897747039795,0.01,78.5,0.1725
328,0.7037500143051147,1.18849778175354,0.01,78.75,-0.0325
329,0.7081249952316284,1.1986349821090698,0.01,77.75,-0.1325
330,0.71875,1.1982276439666748,0.01,78.5,-0.1975
331,0.706250011920929,1.194311499595642,0.01,79.0,0.135
332,0.7118750214576721,1.1964616775512695,0.01,78.5,0.0375
333,0.7149999737739563,1.1830179691314697,0.01,79.0,0.11
334,0.7124999761581421,1.2003804445266724,0.01,79.0,0.085
335,0.706250011920929,1.222456932067871,0.01,79.0,0.33
336,0.7068750262260437,1.1815069913864136,0.01,78.75,-0.0825
337,0.7162500023841858,1.2480682134628296,0.01,78.0,0.02
338,0.6956250071525574,1.1978167295455933,0.01,78.5,-0.115
339,0.7268750071525574,1.2052783966064453,0.01,78.25,-0.1825
340,0.6981250047683716,1.2443253993988037,0.01,78.25,-0.2575
341,0.7099999785423279,1.2081068754196167,0.01,78.5,0.02
342,0.7037500143051147,1.1960116624832153,0.01,79.25,-0.3775
343,0.7200000286102295,1.1862355470657349,0.01,79.0,-0.14
344,0.7081249952316284,1.209709644317627,0.01,79.75,-0.115
345,0.7325000166893005,1.1801947355270386,0.01,79.75,0.14
346,0.7124999761581421,1.2072911262512207,0.01,79.5,0.2175
347,0.7206249833106995,1.181037187576294,0.01,80.5,-0.0025
348,0.7006250023841858,1.1726967096328735,0.01,78.0,0.14
349,0.7162500023841858,1.1877232789993286,0.01,79.25,0.18
350,0.7193750143051147,1.1767853498458862,0.01,78.0,0.28
351,0.7056249976158142,1.201443076133728,0.01,79.5,0.205
352,0.7393749952316284,1.1431964635849,0.01,79.5,0.095
353,0.737500011920929,1.1724776029586792,0.01,78.25,0.2425
354,0.7112500071525574,1.1925866603851318,0.01,78.0,0.2675
355,0.7212499976158142,1.1682593822479248,0.01,79.25,-0.185
356,0.7099999785423279,1.1675084829330444,0.01,79.0,-0.255
357,0.7143750190734863,1.2141637802124023,0.01,79.75,-0.01
358,0.7231249809265137,1.19087815284729,0.01,79.5,-0.085
359,0.7043750286102295,1.1805384159088135,0.01,79.75,-0.1275
360,0.7024999856948853,1.2079627513885498,0.01,79.25,0.01
361,0.7174999713897705,1.1893739700317383,0.01,78.5,0.0225
362,0.7056249976158142,1.181645154953003,0.01,79.0,0.2275
363,0.7006250023841858,1.217482328414917,0.01,78.5,0.235
364,0.7012500166893005,1.2228326797485352,0.01,79.25,0.245
365,0.690625011920929,1.2116996049880981,0.01,78.75,0.0375
366,0.721875011920929,1.1664692163467407,0.01,79.5,0.19
367,0.6974999904632568,1.1835421323776245,0.01,78.5,0.07
368,0.7225000262260437,1.1652567386627197,0.01,78.75,0.0
369,0.7018749713897705,1.1869497299194336,0.01,80.25,0.145
370,0.6743749976158142,1.231987714767456,0.01,79.0,0.205
371,0.7368749976158142,1.1441435813903809,0.01,79.25,-0.0725
372,0.7131249904632568,1.1960433721542358,0.01,80.0,0.1775
373,0.6962500214576721,1.2116310596466064,0.01,79.25,-0.0175
374,0.7068750262260437,1.210045576095581,0.01,79.25,-0.0725
375,0.731249988079071,1.1297663450241089,0.01,78.75,-0.055
376,0.7237499952316284,1.1838351488113403,0.01,79.5,0.1625
377,0.7287499904632568,1.175236463546753,0.01,78.75,0.2825
378,0.7181249856948853,1.1555371284484863,0.01,78.75,0.2175
379,0.731249988079071,1.1882436275482178,0.01,79.25,0.095
380,0.7281249761581421,1.1751991510391235,0.01,79.75,0.0525
381,0.7137500047683716,1.1812267303466797,0.01,80.0,0.0975
382,0.7168750166893005,1.1911017894744873,0.01,78.75,0.3025
383,0.7168750166893005,1.1883567571640015,0.01,79.75,-0.2125
384,0.7168750166893005,1.161564588546753,0.01,79.0,0.1175
385,0.7006250023841858,1.1896357536315918,0.01,80.0,0.1125
386,0.7049999833106995,1.1995418071746826,0.01,79.25,0.1
387,0.7043750286102295,1.184059500694275,0.01,79.75,-0.06
388,0.7081249952316284,1.2111742496490479,0.01,79.25,-0.1375
389,0.7056249976158142,1.1848366260528564,0.01,79.0,0.2875
390,0.7043750286102295,1.177131175994873,0.01,80.0,-0.2825
391,0.7350000143051147,1.1578129529953003,0.01,79.0,-0.1125
392,0.7137500047683716,1.171034574508667,0.01,80.0,-0.275
393,0.6956250071525574,1.2092100381851196,0.01,79.5,-0.105
394,0.7087500095367432,1.1744035482406616,0.01,79.0,0.0675
395,0.7056249976158142,1.188830852508545,0.01,78.5,0.0975
396,0.7174999713897705,1.1659637689590454,0.01,78.25,0.3175
397,0.7200000286102295,1.1813323497772217,0.01,78.5,-0.0425
398,0.6962500214576721,1.1868958473205566,0.01,78.75,-0.085
399,0.7200000286102295,1.1958085298538208,0.01,79.0,0.115
400,0.7149999737739563,1.1842726469039917,0.01,79.25,0.135
401,0.7268750071525574,1.176195502281189,0.01,79.25,0.215
402,0.7181249856948853,1.16008722782135,0.01,79.25,-0.0425
403,0.71875,1.1620087623596191,0.01,78.75,0.04
404,0.7068750262260437,1.214176058769226,0.01,79.0,0.0875
405,0.7256249785423279,1.149030327796936,0.01,78.25,0.0575
406,0.7162500023841858,1.1653356552124023,0.01,79.0,0.165
407,0.7124999761581421,1.1685619354248047,0.01,78.75,0.2625
408,0.7106249928474426,1.181774616241455,0.01,78.25,0.095
409,0.7099999785423279,1.1819205284118652,0.01,79.5,0.3925
410,0.715624988079071,1.202955722808838,0.01,79.0,0.2075
411,0.7212499976158142,1.1914358139038086,0.01,80.0,0.3
412,0.6962500214576721,1.1883795261383057,0.01,79.5,0.29
413,0.7056249976158142,1.1896077394485474,0.01,80.25,0.115
414,0.7262499928474426,1.1648651361465454,0.01,79.75,0.3025
415,0.7099999785423279,1.2064368724822998,0.01,79.5,0.295
416,0.7281249761581421,1.147031307220459,0.01,78.5,0.07
417,0.721875011920929,1.169834852218628,0.01,78.75,-0.12
418,0.7143750190734863,1.1752195358276367,0.01,78.0,-0.0425
419,0.7281249761581421,1.1566141843795776,0.01,79.0,-0.0675
420,0.6987500190734863,1.172842264175415,0.01,78.5,0.1475
421,0.7124999761581421,1.1825207471847534,0.01,79.0,0.0
422,0.7231249809265137,1.154517650604248,0.01,79.25,0.28
423,0.7225000262260437,1.168460726737976,0.01,79.75,-0.08
424,0.7193750143051147,1.1529933214187622,0.01,80.0,0.2025
425,0.7056249976158142,1.1617788076400757,0.01,79.75,0.1175
426,0.737500011920929,1.119733452796936,0.01,79.75,0.0325
427,0.7262499928474426,1.1621774435043335,0.01,79.75,0.1
428,0.7200000286102295,1.2179805040359497,0.01,78.5,0.09
429,0.7250000238418579,1.164616346359253,0.01,78.5,0.2925
430,0.7112500071525574,1.1807245016098022,0.01,80.0,0.085
431,0.7325000166893005,1.1420282125473022,0.01,78.5,0.07
432,0.7043750286102295,1.185180425643921,0.01,79.75,0.0425
433,0.6956250071525574,1.2016445398330688,0.01,79.5,-0.0325
434,0.7149999737739563,1.1842361688613892,0.01,79.5,0.205
435,0.721875011920929,1.1658488512039185,0.01,80.5,0.235
436,0.7162500023841858,1.1715761423110962,0.01,79.25,0.06
437,0.7237499952316284,1.1711796522140503,0.01,80.0,0.2425
438,0.7306249737739563,1.1567326784133911,0.01,79.75,0.08
439,0.7099999785423279,1.170067310333252,0.01,79.0,0.01
440,0.6962500214576721,1.2004793882369995,0.01,78.5,0.2475
441,0.721875011920929,1.1639258861541748,0.01,78.25,0.4275
442,0.7200000286102295,1.1976524591445923,0.01,79.0,-0.09
443,0.715624988079071,1.1665197610855103,0.01,79.5,-0.1675
444,0.7024999856948853,1.1721017360687256,0.01,80.25,0.0825
445,0.7250000238418579,1.1504393815994263,0.01,79.0,0.03
446,0.7268750071525574,1.1828813552856445,0.01,79.5,0.205
447,0.7168750166893005,1.1739939451217651,0.01,79.5,0.0725
448,0.7074999809265137,1.1836457252502441,0.01,77.75,0.2675
449,0.7250000238418579,1.1558756828308105,0.01,79.0,0.055
450,0.7225000262260437,1.1603080034255981,0.01,79.0,-0.1775
451,0.7162500023841858,1.1506013870239258,0.01,77.75,0.37
452,0.7318750023841858,1.1302549839019775,0.01,78.75,0.3375
453,0.7043750286102295,1.1745741367340088,0.01,79.5,0.225
454,0.7124999761581421,1.1582227945327759,0.01,79.25,0.4125
455,0.7193750143051147,1.1634325981140137,0.01,80.25,0.0725
456,0.7256249785423279,1.1411000490188599,0.01,80.0,0.0575
457,0.7437499761581421,1.121142864227295,0.01,79.25,-0.1325
458,0.7275000214576721,1.151167869567871,0.01,79.25,-0.105
459,0.7074999809265137,1.1690467596054077,0.01,79.5,0.0575
460,0.7243750095367432,1.1377686262130737,0.01,80.5,0.025
461,0.721875011920929,1.1832526922225952,0.01,79.5,0.155
461,0.7212499976158142,1.199192762374878,0.01,79.25,0.2675
462,0.7287499904632568,1.1693357229232788,0.01,79.0,0.3025
463,0.7099999785423279,1.1816978454589844,0.01,79.0,0.135
464,0.6899999976158142,1.2416565418243408,0.01,78.75,0.12
465,0.6968749761581421,1.1989595890045166,0.01,78.75,-0.14
466,0.7137500047683716,1.1885102987289429,0.01,78.75,0.0725
467,0.6850000023841858,1.2363982200622559,0.01,79.0,0.44
468,0.7043750286102295,1.1792486906051636,0.01,78.75,0.1875
469,0.7043750286102295,1.1578344106674194,0.01,78.5,-0.0575
470,0.7381250262260437,1.1404063701629639,0.01,78.0,0.075
471,0.7099999785423279,1.1545519828796387,0.01,78.25,-0.01
472,0.706250011920929,1.1801172494888306,0.01,78.75,0.0375
473,0.7243750095367432,1.1840370893478394,0.01,79.5,0.4825
474,0.7049999833106995,1.1975646018981934,0.01,79.5,-0.02
475,0.71875,1.164538860321045,0.01,78.5,-0.0375
476,0.6937500238418579,1.2038030624389648,0.01,78.25,0.15
477,0.7049999833106995,1.1847800016403198,0.01,77.5,0.2125
478,0.699999988079071,1.207667589187622,0.01,79.25,0.1875
479,0.7206249833106995,1.187849760055542,0.01,79.75,0.04
480,0.7212499976158142,1.187645435333252,0.01,79.0,-0.015
481,0.7012500166893005,1.2113953828811646,0.01,78.5,0.07
482,0.7131249904632568,1.1979033946990967,0.01,78.25,0.165
483,0.7162500023841858,1.1797003746032715,0.01,78.5,0.15
484,0.7174999713897705,1.2220126390457153,0.01,79.75,0.07
485,0.7275000214576721,1.1699280738830566,0.01,80.25,0.2325
486,0.7243750095367432,1.1697059869766235,0.01,79.0,-0.0375
487,0.7262499928474426,1.1704535484313965,0.01,79.0,0.21
488,0.7256249785423279,1.1656936407089233,0.01,79.75,0.4225
489,0.7081249952316284,1.185951590538025,0.01,79.5,0.135
490,0.7168750166893005,1.1880159378051758,0.01,79.25,0.18
491,0.7131249904632568,1.174156665802002,0.01,78.5,0.0275
492,0.7212499976158142,1.168556809425354,0.01,78.5,-0.0925
493,0.7237499952316284,1.1460051536560059,0.01,78.0,0.1075
494,0.7231249809265137,1.1791033744812012,0.01,79.5,-0.055
495,0.731249988079071,1.1582026481628418,0.01,79.0,0.1925
496,0.7431250214576721,1.1378628015518188,0.01,78.75,-0.13
497,0.7081249952316284,1.1930012702941895,0.01,78.75,0.305
498,0.7131249904632568,1.2043311595916748,0.01,79.5,0.255
499,0.7293750047683716,1.17015540599823,0.01,78.5,0.1625
500,0.7124999761581421,1.189968228340149,0.01,79.5,0.0725
501,0.7068750262260437,1.204354166984558,0.01,79.5,0.2525
502,0.7024999856948853,1.1713230609893799,0.01,78.5,0.475
503,0.7124999761581421,1.190385341644287,0.01,79.0,0.08
504,0.6981250047683716,1.1867755651474,0.01,80.0,0.205
505,0.7099999785423279,1.194634199142456,0.01,79.0,0.15
506,0.7181249856948853,1.1656231880187988,0.01,79.75,0.2175
507,0.7143750190734863,1.1527702808380127,0.01,79.75,-0.0675
508,0.7174999713897705,1.169161319732666,0.01,79.0,-0.1075
509,0.7212499976158142,1.1744270324707031,0.01,78.25,0.0475
510,0.7212499976158142,1.1848920583724976,0.01,79.25,0.0525
511,0.7256249785423279,1.1386096477508545,0.01,78.5,0.6025
512,0.7149999737739563,1.1892354488372803,0.01,78.5,0.66
513,0.7231249809265137,1.191623330116272,0.01,79.0,0.16
514,0.7162500023841858,1.173998236656189,0.01,79.75,0.07
515,0.7093750238418579,1.2094981670379639,0.01,79.75,0.4725
516,0.7168750166893005,1.147782802581787,0.01,80.0,0.105
517,0.7306249737739563,1.1714999675750732,0.01,79.75,-0.01
518,0.7275000214576721,1.1561493873596191,0.01,79.25,0.0475
519,0.715624988079071,1.1533383131027222,0.01,79.5,-0.005
520,0.7112500071525574,1.1714816093444824,0.01,79.75,-0.1575
521,0.703125,1.1941081285476685,0.01,80.0,-0.2125
522,0.7168750166893005,1.20993173122406,0.01,78.5,-0.0375
523,0.7200000286102295,1.1491882801055908,0.01,78.25,0.2975
524,0.7099999785423279,1.1736198663711548,0.01,79.0,0.0275
525,0.6949999928474426,1.1772382259368896,0.01,79.25,0.2775
526,0.7112500071525574,1.1755117177963257,0.01,79.0,0.3175
527,0.7168750166893005,1.1640956401824951,0.01,79.75,-0.0675
528,0.7300000190734863,1.1380696296691895,0.01,80.0,-0.0825
529,0.7087500095367432,1.1694557666778564,0.01,79.5,0.07
530,0.7193750143051147,1.1841537952423096,0.01,79.5,-0.075
531,0.7281249761581421,1.1645965576171875,0.01,79.25,0.1075
532,0.7056249976158142,1.1906052827835083,0.01,79.25,0.355
533,0.7231249809265137,1.1495568752288818,0.01,78.75,0.04
534,0.7149999737739563,1.1645816564559937,0.01,79.5,0.0175
535,0.7356250286102295,1.1677615642547607,0.01,79.25,0.08
536,0.706250011920929,1.1866132020950317,0.01,79.0,-0.0725
537,0.7093750238418579,1.1764369010925293,0.01,79.25,-0.075
538,0.7237499952316284,1.1432968378067017,0.01,79.0,-0.075
539,0.7074999809265137,1.1900156736373901,0.01,79.25,-0.0425
540,0.7162500023841858,1.1888734102249146,0.01,78.75,0.0025
541,0.721875011920929,1.1431610584259033,0.01,78.25,-0.1375
542,0.7318750023841858,1.1415177583694458,0.01,78.25,0.1
543,0.706250011920929,1.1963202953338623,0.01,78.0,0.105
544,0.7362499833106995,1.1422014236450195,0.01,77.5,0.4275
545,0.7181249856948853,1.1475121974945068,0.01,79.0,0.0425
546,0.7174999713897705,1.1560273170471191,0.01,78.5,0.13
547,0.7081249952316284,1.1923322677612305,0.01,78.75,0.095
548,0.7237499952316284,1.1629528999328613,0.01,78.25,-0.025
549,0.6943749785423279,1.2074700593948364,0.01,79.5,0.06
550,0.721875011920929,1.1370792388916016,0.01,78.25,0.0925
551,0.7381250262260437,1.1580969095230103,0.01,78.75,0.0575
552,0.7018749713897705,1.1648890972137451,0.01,79.0,0.1575
553,0.7181249856948853,1.1815707683563232,0.01,79.25,-0.0475
554,0.7250000238418579,1.1726579666137695,0.01,78.75,0.2
555,0.7406250238418579,1.1370490789413452,0.01,78.75,0.355
556,0.6931250095367432,1.1615463495254517,0.01,78.5,0.335
557,0.7200000286102295,1.1613587141036987,0.01,78.5,-0.2375
558,0.715624988079071,1.17173171043396,0.01,79.25,-0.075
559,0.7281249761581421,1.1524144411087036,0.01,77.75,0.26
560,0.7049999833106995,1.1714144945144653,0.01,78.5,0.055
561,0.7281249761581421,1.1512751579284668,0.01,77.25,0.3675
562,0.7200000286102295,1.1919670104980469,0.01,79.25,0.175
563,0.7081249952316284,1.163784384727478,0.01,79.5,0.08
564,0.7300000190734863,1.138318657875061,0.01,78.25,0.135
565,0.715624988079071,1.176211953163147,0.01,79.75,-0.19
566,0.7081249952316284,1.1641879081726074,0.01,79.75,-0.1625
567,0.7081249952316284,1.1882920265197754,0.01,79.25,-0.115
568,0.7268750071525574,1.1227415800094604,0.01,79.5,-0.07
569,0.7206249833106995,1.1608386039733887,0.01,79.75,0.045
570,0.715624988079071,1.1500639915466309,0.01,79.0,-0.03
571,0.7281249761581421,1.1766271591186523,0.01,78.75,-0.005
572,0.7250000238418579,1.1802390813827515,0.01,78.5,0.1775
573,0.7281249761581421,1.167393445968628,0.01,80.0,0.055
574,0.7081249952316284,1.1718987226486206,0.01,78.75,0.2825
575,0.7262499928474426,1.143542766571045,0.01,79.5,0.0225
576,0.7131249904632568,1.1963579654693604,0.01,78.5,0.07
577,0.7206249833106995,1.1485371589660645,0.01,79.25,0.13
578,0.7250000238418579,1.1312261819839478,0.01,79.5,0.145
579,0.721875011920929,1.1475425958633423,0.01,79.5,0.1525
580,0.7012500166893005,1.2139239311218262,0.01,79.0,0.0625
581,0.6962500214576721,1.1908118724822998,0.01,79.5,0.0575
582,0.7231249809265137,1.1190769672393799,0.01,79.75,0.135
583,0.7093750238418579,1.1857609748840332,0.01,79.0,0.0975
584,0.7262499928474426,1.1538184881210327,0.01,78.75,0.1675
585,0.7118750214576721,1.1743788719177246,0.01,79.5,0.1475
586,0.715624988079071,1.1555628776550293,0.01,80.25,0.055
587,0.7268750071525574,1.1578094959259033,0.01,79.25,0.255
588,0.7243750095367432,1.1671231985092163,0.01,78.25,0.3075
589,0.715624988079071,1.1763802766799927,0.01,79.75,0.235
590,0.7293750047683716,1.171560287475586,0.01,79.5,0.2075
591,0.7356250286102295,1.1496186256408691,0.01,80.25,0.0675
592,0.7237499952316284,1.1595373153686523,0.01,79.75,-0.11
593,0.7206249833106995,1.1384469270706177,0.01,79.25,0.095
594,0.706250011920929,1.213721513748169,0.01,78.5,0.1175
595,0.7287499904632568,1.146763801574707,0.01,79.0,0.0175
596,0.6981250047683716,1.1982293128967285,0.01,80.25,0.035
597,0.7287499904632568,1.1433851718902588,0.01,78.75,0.2975
598,0.7168750166893005,1.139417290687561,0.01,78.25,0.21
599,0.7181249856948853,1.1758135557174683,0.01,78.75,0.17
600,0.7174999713897705,1.160844326019287,0.01,78.75,0.5075
601,0.7231249809265137,1.161571979522705,0.001,79.0,0.53
602,0.7231249809265137,1.1874117851257324,0.001,79.25,0.45
603,0.7256249785423279,1.103929877281189,0.001,79.5,0.3825
604,0.7400000095367432,1.141760230064392,0.001,79.5,0.3325
605,0.7112500071525574,1.1489591598510742,0.001,79.5,0.2825
606,0.7281249761581421,1.1443971395492554,0.001,79.5,0.1475
607,0.7225000262260437,1.1461327075958252,0.001,79.75,0.1925
608,0.7400000095367432,1.146795392036438,0.001,79.75,0.205
609,0.715624988079071,1.1743526458740234,0.001,79.75,0.135
610,0.737500011920929,1.1461515426635742,0.001,79.75,0.1925
611,0.7168750166893005,1.1398324966430664,0.001,79.5,0.18
612,0.7268750071525574,1.1344285011291504,0.001,79.5,0.1675
613,0.7268750071525574,1.1305947303771973,0.001,79.5,0.18
614,0.7256249785423279,1.1399829387664795,0.001,79.5,0.18
615,0.7325000166893005,1.1268551349639893,0.001,79.5,0.18
616,0.7362499833106995,1.1248356103897095,0.001,79.75,0.1925
617,0.721875011920929,1.153598666191101,0.001,79.75,0.1425
618,0.7275000214576721,1.150550127029419,0.001,79.75,0.1425
619,0.7287499904632568,1.1451377868652344,0.001,79.5,0.065
620,0.7362499833106995,1.138614535331726,0.001,79.25,0.065
621,0.7225000262260437,1.1576257944107056,0.001,79.5,0.0775
622,0.7168750166893005,1.1735830307006836,0.001,79.25,0.0475
623,0.7250000238418579,1.1868780851364136,0.001,79.5,0.0275
624,0.7381250262260437,1.112471342086792,0.001,79.5,0.1625
625,0.7124999761581421,1.1592340469360352,0.001,79.5,0.1125
626,0.7406250238418579,1.1169140338897705,0.001,79.5,0.1125
627,0.7262499928474426,1.1448251008987427,0.001,79.25,0.0475
628,0.7400000095367432,1.1131007671356201,0.001,79.0,0.035
629,0.7225000262260437,1.161683440208435,0.001,79.0,0.035
630,0.7131249904632568,1.1925569772720337,0.001,79.25,0.1
631,0.7074999809265137,1.1722949743270874,0.001,79.5,0.1125
632,0.7306249737739563,1.114635944366455,0.001,79.5,0.175
633,0.7293750047683716,1.170737624168396,0.001,79.5,0.175
634,0.7206249833106995,1.1411633491516113,0.001,79.75,0.08
635,0.7206249833106995,1.1405925750732422,0.001,79.75,0.1425
636,0.7137500047683716,1.1653351783752441,0.001,79.75,0.1925
637,0.7300000190734863,1.1079411506652832,0.001,79.25,0.0775
638,0.7193750143051147,1.1468079090118408,0.001,79.25,0.0775
639,0.7112500071525574,1.1715455055236816,0.001,79.5,0.095
640,0.7262499928474426,1.174939751625061,0.001,79.0,0.1025
641,0.7362499833106995,1.1489884853363037,0.001,79.0,0.1025
642,0.7256249785423279,1.1272244453430176,0.001,79.0,0.0975
643,0.7406250238418579,1.1154446601867676,0.001,79.0,0.085
644,0.7018749713897705,1.1722148656845093,0.001,79.0,0.085
645,0.7237499952316284,1.1274152994155884,0.001,79.0,0.135
646,0.7112500071525574,1.153327226638794,0.001,79.0,0.085
647,0.703125,1.1577147245407104,0.001,79.0,0.085
648,0.7137500047683716,1.1622843742370605,0.001,79.25,0.065
649,0.7043750286102295,1.1579046249389648,0.001,79.0,0.135
650,0.7168750166893005,1.167128324508667,0.001,79.0,0.23
651,0.7206249833106995,1.1660487651824951,0.001,79.25,0.145
652,0.734375,1.1606923341751099,0.001,79.75,0.175
653,0.715624988079071,1.1725049018859863,0.001,79.5,0.195
654,0.7099999785423279,1.1668463945388794,0.001,79.5,0.1275
655,0.7024999856948853,1.174397587776184,0.001,79.25,0.0975
656,0.7081249952316284,1.1910521984100342,0.001,79.25,0.1475
657,0.7318750023841858,1.138841986656189,0.001,79.0,0.135
658,0.7212499976158142,1.1654645204544067,0.001,79.0,0.135
659,0.7087500095367432,1.1793749332427979,0.001,79.0,0.135
660,0.7381250262260437,1.1555194854736328,0.001,79.0,0.085
661,0.7225000262260437,1.1361303329467773,0.001,79.25,0.115
662,0.7431250214576721,1.1194779872894287,0.001,79.0,0.1025
663,0.7287499904632568,1.1309423446655273,0.001,79.5,0.1825
664,0.7081249952316284,1.183377742767334,0.001,79.25,0.165
665,0.7225000262260437,1.1391040086746216,0.001,79.25,0.115
666,0.7300000190734863,1.114677906036377,0.001,79.25,0.11
667,0.7300000190734863,1.157822608947754,0.001,79.25,0.25
668,0.7268750071525574,1.147241234779358,0.001,79.25,0.25
669,0.7381250262260437,1.142041802406311,0.001,79.25,0.1375
670,0.7149999737739563,1.1670640707015991,0.001,79.5,0.1125
671,0.7331249713897705,1.1249699592590332,0.001,79.25,0.1375
672,0.7225000262260437,1.1572951078414917,0.001,79.25,0.2
673,0.7325000166893005,1.159397840499878,0.001,79.0,0.1875
674,0.7212499976158142,1.1624282598495483,0.001,78.75,0.1275
675,0.7149999737739563,1.1883045434951782,0.001,78.75,0.1225
676,0.7112500071525574,1.1537599563598633,0.001,79.0,0.1725
677,0.7168750166893005,1.1694934368133545,0.001,78.75,0.165
678,0.7481250166893005,1.1272311210632324,0.001,78.75,0.1775
679,0.7562500238418579,1.084038257598877,0.001,79.25,0.205
680,0.71875,1.1944382190704346,0.001,79.0,0.175
681,0.7212499976158142,1.1739636659622192,0.001,78.75,0.075
682,0.7181249856948853,1.17103910446167,0.001,78.75,0.125
683,0.7118750214576721,1.1655571460723877,0.001,79.25,0.1575
684,0.7300000190734863,1.163241982460022,0.001,79.0,0.1525
685,0.7256249785423279,1.149757981300354,0.001,79.5,0.235
686,0.7112500071525574,1.1572866439819336,0.001,79.25,0.235
687,0.7306249737739563,1.1600261926651,0.001,79.5,0.285
688,0.7143750190734863,1.177879810333252,0.001,79.5,0.29
689,0.7275000214576721,1.1505337953567505,0.001,80.0,0.295
690,0.7268750071525574,1.133926272392273,0.001,79.5,0.265
691,0.7556250095367432,1.1031410694122314,0.001,79.75,0.2775
692,0.734375,1.1297791004180908,0.001,79.75,0.225
693,0.7174999713897705,1.157639503479004,0.001,79.5,0.2125
694,0.7275000214576721,1.1350572109222412,0.001,80.0,0.1425
695,0.7137500047683716,1.1258175373077393,0.001,79.5,0.155
696,0.7168750166893005,1.1230849027633667,0.001,79.0,0.235
697,0.7456250190734863,1.1003317832946777,0.001,79.0,0.2575
698,0.7293750047683716,1.1538499593734741,0.001,78.75,0.245
699,0.7331249713897705,1.1277801990509033,0.001,78.75,0.2075
700,0.7193750143051147,1.161232352256775,0.001,79.0,0.1925
701,0.7262499928474426,1.1455259323120117,0.001,79.0,0.1825
702,0.7256249785423279,1.1406147480010986,0.001,78.75,0.16
703,0.7124999761581421,1.1677680015563965,0.001,78.75,0.1725
704,0.7287499904632568,1.1850872039794922,0.001,78.75,0.1725
705,0.7318750023841858,1.1329801082611084,0.001,79.0,0.19
706,0.7437499761581421,1.1300854682922363,0.001,78.75,0.1725
707,0.7225000262260437,1.1211848258972168,0.001,79.25,0.2025
708,0.7193750143051147,1.1416434049606323,0.001,79.25,0.1525
709,0.7393749952316284,1.1235102415084839,0.001,79.5,0.2025
710,0.7231249809265137,1.1490817070007324,0.001,78.75,0.16
711,0.71875,1.1512161493301392,0.001,79.5,0.2
712,0.7225000262260437,1.1448599100112915,0.001,79.0,0.135
713,0.7300000190734863,1.1571391820907593,0.001,79.0,0.0975
714,0.7281249761581421,1.1456780433654785,0.001,78.75,0.1225
715,0.7293750047683716,1.1435188055038452,0.001,78.75,0.1225
716,0.7256249785423279,1.164444088935852,0.001,79.25,0.155
717,0.715624988079071,1.1765934228897095,0.001,79.0,0.1425
718,0.7287499904632568,1.158697485923767,0.001,79.0,0.1425
719,0.7268750071525574,1.136164665222168,0.001,79.0,0.1825
720,0.7200000286102295,1.1682560443878174,0.001,78.75,0.1725
721,0.7118750214576721,1.1911622285842896,0.001,78.75,0.1725
722,0.731249988079071,1.1269140243530273,0.001,79.0,0.185
723,0.7356250286102295,1.1374586820602417,0.001,79.0,0.185
724,0.7287499904632568,1.161149501800537,0.001,79.0,0.185
725,0.7106249928474426,1.1887469291687012,0.001,79.0,0.185
726,0.731249988079071,1.126866340637207,0.001,79.25,0.1825
727,0.731249988079071,1.159098744392395,0.001,79.0,0.22
728,0.7124999761581421,1.15462064743042,0.001,78.75,0.2075
729,0.7012500166893005,1.1676701307296753,0.001,78.75,0.2075
730,0.721875011920929,1.1440635919570923,0.001,78.75,0.295
731,0.7225000262260437,1.1596144437789917,0.001,78.75,0.11
732,0.7074999809265137,1.1687592267990112,0.001,79.25,0.15
733,0.7087500095367432,1.1775014400482178,0.001,79.5,0.095
734,0.699999988079071,1.1866962909698486,0.001,79.5,0.095
735,0.7318750023841858,1.1598691940307617,0.001,79.25,0.035
736,0.7206249833106995,1.134861946105957,0.001,79.5,0.16
737,0.7137500047683716,1.1339058876037598,0.001,79.25,0.1475
738,0.7281249761581421,1.1409956216812134,0.001,79.0,0.15
739,0.7237499952316284,1.1662049293518066,0.001,79.25,0.16
740,0.7268750071525574,1.1499274969100952,0.001,79.25,0.1
741,0.7325000166893005,1.1300089359283447,0.001,79.25,0.1
742,0.721875011920929,1.1765228509902954,0.001,78.75,0.135
743,0.7106249928474426,1.1705043315887451,0.001,79.0,0.07
744,0.7200000286102295,1.141931414604187,0.001,79.0,0.07
745,0.7193750143051147,1.1544095277786255,0.001,79.25,0.0325
746,0.7281249761581421,1.1626193523406982,0.001,78.75,0.135
747,0.71875,1.1511831283569336,0.001,79.0,0.135
748,0.7193750143051147,1.134006381034851,0.001,79.0,0.175
749,0.7300000190734863,1.1560269594192505,0.001,79.75,0.17
750,0.7106249928474426,1.148167610168457,0.001,79.0,0.175
751,0.7118750214576721,1.19664466381073,0.001,79.25,0.2
752,0.7131249904632568,1.1543869972229004,0.001,79.25,0.2
753,0.7475000023841858,1.115238904953003,0.001,79.5,0.2175
754,0.7081249952316284,1.1763134002685547,0.001,79.5,0.2175
755,0.734375,1.132798671722412,0.001,79.5,0.155
756,0.6943749785423279,1.175120234489441,0.001,79.25,0.2725
757,0.7487499713897705,1.1254438161849976,0.001,79.25,0.22
758,0.721875011920929,1.1539400815963745,0.001,79.0,0.2325
759,0.7300000190734863,1.144914984703064,0.001,79.25,0.245
760,0.7212499976158142,1.153273105621338,0.001,79.0,0.175
761,0.706250011920929,1.1609234809875488,0.001,79.5,0.205
762,0.7231249809265137,1.1276341676712036,0.001,79.5,0.205
763,0.7093750238418579,1.1707955598831177,0.001,79.5,0.205
764,0.7049999833106995,1.1898101568222046,0.001,79.5,0.1925
765,0.6981250047683716,1.1675384044647217,0.001,79.75,0.24
766,0.7193750143051147,1.1607356071472168,0.001,79.0,0.225
767,0.7225000262260437,1.1514135599136353,0.001,79.75,0.3025
768,0.7268750071525574,1.134482979774475,0.001,79.0,0.335
769,0.7400000095367432,1.1086796522140503,0.001,78.5,0.4225
770,0.7231249809265137,1.1550544500350952,0.001,78.25,0.2425
771,0.7306249737739563,1.1503316164016724,0.001,78.5,0.25
772,0.7300000190734863,1.116121768951416,0.001,79.25,0.225
773,0.715624988079071,1.1638259887695312,0.001,79.25,0.1075
774,0.7293750047683716,1.1315118074417114,0.001,79.5,0.3025
775,0.7174999713897705,1.161309003829956,0.001,79.25,0.2375
776,0.7487499713897705,1.1138863563537598,0.001,79.25,0.175
777,0.7137500047683716,1.1657047271728516,0.001,79.25,0.2475
778,0.7037500143051147,1.1751346588134766,0.001,78.75,0.245
779,0.7168750166893005,1.1679832935333252,0.001,78.75,0.2075
780,0.7200000286102295,1.1706554889678955,0.001,79.0,0.2175
781,0.7024999856948853,1.134084939956665,0.001,79.0,0.2075
782,0.7325000166893005,1.1304477453231812,0.001,79.0,0.2075
783,0.7400000095367432,1.1123610734939575,0.001,79.0,0.2725
784,0.7143750190734863,1.1572188138961792,0.001,79.25,0.2725
785,0.7212499976158142,1.1397404670715332,0.001,79.25,0.2775
786,0.721875011920929,1.1425142288208008,0.001,79.0,0.225
787,0.7118750214576721,1.1737421751022339,0.001,79.0,0.225
788,0.7337499856948853,1.1230151653289795,0.001,79.25,0.225
789,0.7281249761581421,1.1722935438156128,0.001,79.25,0.225
790,0.7118750214576721,1.169858455657959,0.001,79.0,0.225
791,0.7106249928474426,1.1436371803283691,0.001,79.0,0.225
792,0.7350000143051147,1.151118278503418,0.001,79.0,0.225
793,0.7250000238418579,1.1617428064346313,0.001,79.25,0.29
794,0.7181249856948853,1.1515060663223267,0.001,79.25,0.29
795,0.706250011920929,1.2067619562149048,0.001,79.25,0.29
796,0.7181249856948853,1.1548268795013428,0.001,79.5,0.3025
797,0.7362499833106995,1.118027687072754,0.001,79.5,0.29
798,0.721875011920929,1.1436049938201904,0.001,79.5,0.3025
799,0.7106249928474426,1.1552422046661377,0.001,79.0,0.14
800,0.715624988079071,1.1665579080581665,0.001,79.0,0.19
801,0.7275000214576721,1.1448464393615723,0.001,79.0,0.14
802,0.734375,1.1333602666854858,0.001,78.75,0.1225
803,0.7162500023841858,1.151237964630127,0.001,78.5,0.11
804,0.7443749904632568,1.1414179801940918,0.001,79.0,0.22
805,0.7200000286102295,1.165629267692566,0.001,79.0,0.22
806,0.7168750166893005,1.1277174949645996,0.001,79.0,0.225
807,0.7450000047683716,1.1277656555175781,0.001,79.25,0.2425
808,0.7106249928474426,1.1612151861190796,0.001,79.5,0.3025
809,0.7162500023841858,1.1390700340270996,0.001,79.25,0.2325
810,0.6931250095367432,1.1726922988891602,0.001,78.75,0.2025
811,0.7250000238418579,1.1189128160476685,0.001,79.25,0.16
812,0.7168750166893005,1.1427305936813354,0.001,78.5,0.1175
813,0.7425000071525574,1.1090141534805298,0.001,78.75,0.215
814,0.7350000143051147,1.1426101922988892,0.001,78.75,0.215
815,0.7287499904632568,1.119415283203125,0.001,79.25,0.3225
816,0.7149999737739563,1.1653850078582764,0.001,79.0,0.225
817,0.71875,1.1736763715744019,0.001,79.5,0.3025
818,0.7206249833106995,1.1570719480514526,0.001,79.25,0.2925
819,0.7081249952316284,1.1407357454299927,0.001,78.75,0.18
820,0.7268750071525574,1.146309494972229,0.001,78.5,0.1675
821,0.7174999713897705,1.1555675268173218,0.001,78.75,0.18
822,0.7293750047683716,1.1561615467071533,0.001,79.5,0.1875
823,0.7131249904632568,1.1540875434875488,0.001,79.25,0.255
824,0.7393749952316284,1.121076226234436,0.001,79.5,0.2675
825,0.715624988079071,1.1526814699172974,0.001,79.75,0.32
826,0.731249988079071,1.1351748704910278,0.001,79.25,0.255
827,0.7225000262260437,1.1606533527374268,0.001,78.75,0.18
828,0.7099999785423279,1.1840176582336426,0.001,79.25,0.165
829,0.7393749952316284,1.1564241647720337,0.001,79.5,0.3025
830,0.7237499952316284,1.142569899559021,0.001,79.25,0.2375
831,0.7237499952316284,1.1331267356872559,0.001,79.25,0.2375
832,0.7081249952316284,1.140689492225647,0.001,79.0,0.225
833,0.706250011920929,1.17206609249115,0.001,79.0,0.24
834,0.7056249976158142,1.139514446258545,0.001,79.25,0.29
835,0.7281249761581421,1.1241307258605957,0.001,79.0,0.2825
836,0.7268750071525574,1.148595929145813,0.001,79.0,0.2825
837,0.71875,1.1375088691711426,0.001,79.0,0.2825
838,0.7231249809265137,1.1377511024475098,0.001,79.0,0.2725
839,0.7318750023841858,1.0940510034561157,0.001,79.0,0.2725
840,0.7099999785423279,1.162559151649475,0.001,79.25,0.285
841,0.7393749952316284,1.1252480745315552,0.001,79.0,0.2375
842,0.7350000143051147,1.1488053798675537,0.001,79.0,0.2375
843,0.7087500095367432,1.1745755672454834,0.001,79.25,0.285
844,0.7268750071525574,1.1491167545318604,0.001,79.25,0.285
845,0.703125,1.170108675956726,0.001,78.75,0.2625
846,0.7331249713897705,1.157905101776123,0.001,79.25,0.25
847,0.7337499856948853,1.1327528953552246,0.001,79.5,0.26
848,0.7293750047683716,1.1516329050064087,0.001,79.5,0.26
849,0.7256249785423279,1.1507208347320557,0.001,79.75,0.2775
850,0.7087500095367432,1.1866369247436523,0.001,79.75,0.285
851,0.7181249856948853,1.1613242626190186,0.001,79.25,0.2025
852,0.7174999713897705,1.1602376699447632,0.001,79.25,0.28
853,0.7143750190734863,1.1527109146118164,0.001,79.25,0.28
854,0.7231249809265137,1.177039384841919,0.001,79.5,0.2675
855,0.7225000262260437,1.1492713689804077,0.001,79.5,0.265
856,0.7387499809265137,1.095105528831482,0.001,79.25,0.2175
857,0.731249988079071,1.1245417594909668,0.001,79.5,0.2675
858,0.7049999833106995,1.1712101697921753,0.001,79.5,0.2725
859,0.7225000262260437,1.1407349109649658,0.001,79.5,0.3025
860,0.7206249833106995,1.1606526374816895,0.001,79.25,0.285
861,0.731249988079071,1.1446551084518433,0.001,79.25,0.29
862,0.7293750047683716,1.1584296226501465,0.001,79.25,0.2925
863,0.7181249856948853,1.1754789352416992,0.001,79.25,0.29
864,0.7300000190734863,1.1424760818481445,0.001,79.0,0.2425
865,0.7337499856948853,1.1507688760757446,0.001,79.25,0.26
866,0.7250000238418579,1.143505573272705,0.001,79.25,0.26
867,0.734375,1.1271854639053345,0.001,79.25,0.26
868,0.7225000262260437,1.1676578521728516,0.001,79.25,0.26
869,0.7137500047683716,1.1679073572158813,0.001,79.25,0.26
870,0.7225000262260437,1.1560413837432861,0.001,79.25,0.26
871,0.746874988079071,1.1192436218261719,0.001,79.25,0.26
872,0.7262499928474426,1.1543391942977905,0.001,79.5,0.235
873,0.7387499809265137,1.1289470195770264,0.001,79.75,0.2825
874,0.715624988079071,1.1348395347595215,0.001,79.5,0.3075
875,0.7362499833106995,1.1274043321609497,0.001,79.25,0.26
876,0.7162500023841858,1.1741753816604614,0.001,78.75,0.115
877,0.71875,1.1428743600845337,0.001,79.5,0.2075
878,0.71875,1.1372932195663452,0.001,78.75,0.1725
879,0.7362499833106995,1.1377346515655518,0.001,79.0,0.25
880,0.7106249928474426,1.1443400382995605,0.001,79.25,0.29
881,0.7225000262260437,1.1429349184036255,0.001,78.75,0.1775
882,0.7250000238418579,1.147034764289856,0.001,78.75,0.1775
883,0.7068750262260437,1.149531602859497,0.001,79.0,0.1525
884,0.7306249737739563,1.1230971813201904,0.001,79.0,0.1525
885,0.7362499833106995,1.1251304149627686,0.001,79.0,0.1525
886,0.7231249809265137,1.1453204154968262,0.001,79.0,0.2425
887,0.734375,1.149479866027832,0.001,78.75,0.225
888,0.7200000286102295,1.1718240976333618,0.001,79.0,0.1475
889,0.7237499952316284,1.135337233543396,0.001,79.0,0.2725
890,0.7068750262260437,1.172409176826477,0.001,79.25,0.2075
891,0.7512500286102295,1.109259843826294,0.001,78.5,0.215
892,0.7243750095367432,1.1239959001541138,0.001,78.75,0.2325
893,0.7243750095367432,1.1900525093078613,0.001,78.5,0.215
894,0.7275000214576721,1.1669811010360718,0.001,79.0,0.28
895,0.7337499856948853,1.138730764389038,0.001,78.75,0.2625
896,0.7081249952316284,1.1586980819702148,0.001,78.75,0.2625
897,0.7325000166893005,1.1309040784835815,0.001,79.25,0.29
898,0.7243750095367432,1.1294150352478027,0.001,79.25,0.2775
899,0.7124999761581421,1.1804362535476685,0.001,79.5,0.29
900,0.7093750238418579,1.1623835563659668,0.001,79.5,0.2975
901,0.7331249713897705,1.1370526552200317,1e-04,79.75,0.225
902,0.7450000047683716,1.1132124662399292,1e-04,79.5,0.215
903,0.7443749904632568,1.1130892038345337,1e-04,79.5,0.29
904,0.7231249809265137,1.1326980590820312,1e-04,79.25,0.255
905,0.7250000238418579,1.1417714357376099,1e-04,79.25,0.29
906,0.7043750286102295,1.1772629022598267,1e-04,79.75,0.32
907,0.7562500238418579,1.1136984825134277,1e-04,79.0,0.2425
908,0.7200000286102295,1.1529234647750854,1e-04,79.25,0.26
909,0.7099999785423279,1.1652114391326904,1e-04,78.75,0.2325
910,0.731249988079071,1.1284009218215942,1e-04,79.0,0.185
911,0.7287499904632568,1.1289479732513428,1e-04,79.0,0.185
912,0.7275000214576721,1.161923885345459,1e-04,79.0,0.2425
913,0.7149999737739563,1.1807565689086914,1e-04,79.0,0.28
914,0.7362499833106995,1.1334993839263916,1e-04,79.0,0.28
915,0.721875011920929,1.1322349309921265,1e-04,79.0,0.28
916,0.7300000190734863,1.1417291164398193,1e-04,79.0,0.3025
917,0.7193750143051147,1.177361249923706,1e-04,79.0,0.3025
918,0.7181249856948853,1.1909998655319214,1e-04,79.25,0.29
919,0.7256249785423279,1.149204134941101,1e-04,79.0,0.2425
920,0.71875,1.1615647077560425,1e-04,79.0,0.28
921,0.7431250214576721,1.1248111724853516,1e-04,79.25,0.29
922,0.7437499761581421,1.1407800912857056,1e-04,79.0,0.225
923,0.7181249856948853,1.1750620603561401,1e-04,79.25,0.18
924,0.7318750023841858,1.1503500938415527,1e-04,79.0,0.2425
925,0.7200000286102295,1.1346489191055298,1e-04,79.5,0.3025
926,0.7206249833106995,1.1508346796035767,1e-04,79.25,0.29
927,0.7381250262260437,1.1165934801101685,1e-04,79.25,0.29
928,0.7243750095367432,1.1347607374191284,1e-04,79.25,0.29
929,0.734375,1.14143967628479,1e-04,79.25,0.29
930,0.7049999833106995,1.1980981826782227,1e-04,79.75,0.2375
931,0.7225000262260437,1.1302958726882935,1e-04,79.0,0.225
932,0.7350000143051147,1.126957893371582,1e-04,79.25,0.29
933,0.7393749952316284,1.1166396141052246,1e-04,79.75,0.2375
934,0.7431250214576721,1.1252957582473755,1e-04,79.25,0.255
935,0.7212499976158142,1.165632963180542,1e-04,79.0,0.2425
936,0.7368749976158142,1.112306833267212,1e-04,79.0,0.2425
937,0.7256249785423279,1.161724328994751,1e-04,79.0,0.16
938,0.7293750047683716,1.1250466108322144,1e-04,79.0,0.2425
939,0.7287499904632568,1.133620023727417,1e-04,79.5,0.225
940,0.7287499904632568,1.1416243314743042,1e-04,79.25,0.2075
941,0.7356250286102295,1.1196353435516357,1e-04,79.5,0.225
942,0.7275000214576721,1.1010921001434326,1e-04,79.5,0.225
942,0.715624988079071,1.1759132146835327,1e-04,79.75,0.125
943,0.6993749737739563,1.180537462234497,1e-04,79.5,0.035
944,0.7074999809265137,1.1762325763702393,1e-04,79.0,0.05
945,0.71875,1.1864341497421265,1e-04,79.0,0.05
946,0.7143750190734863,1.163692831993103,1e-04,79.0,0.05
947,0.721875011920929,1.1868565082550049,1e-04,79.25,0.1425
948,0.7087500095367432,1.173119306564331,1e-04,79.25,0.125
949,0.7268750071525574,1.1817443370819092,1e-04,79.0,0.1
950,0.7193750143051147,1.1611778736114502,1e-04,79.0,-0.0025
951,0.7300000190734863,1.158528447151184,1e-04,78.5,0.035
952,0.7006250023841858,1.1826374530792236,1e-04,79.0,0.0
953,0.706250011920929,1.15996515750885,1e-04,79.0,-0.0125
954,0.7006250023841858,1.2275547981262207,1e-04,79.0,0.0
955,0.7162500023841858,1.1913669109344482,1e-04,79.0,0.0625
956,0.7181249856948853,1.1809200048446655,1e-04,79.25,0.055
957,0.7074999809265137,1.183359980583191,1e-04,79.0,0.01
958,0.7118750214576721,1.1927073001861572,1e-04,79.0,0.2125
959,0.7106249928474426,1.2067393064498901,1e-04,79.0,0.0725
960,0.7193750143051147,1.177183747291565,1e-04,78.75,0.035
961,0.7118750214576721,1.1885297298431396,1e-04,79.0,0.1525
962,0.7149999737739563,1.1819920539855957,1e-04,79.0,0.0925
963,0.7181249856948853,1.207461953163147,1e-04,79.0,0.03
964,0.7018749713897705,1.219691514968872,1e-04,78.75,0.145
965,0.7131249904632568,1.1636781692504883,1e-04,79.0,0.14
966,0.7362499833106995,1.171352744102478,1e-04,78.75,0.0275
967,0.7068750262260437,1.159455418586731,1e-04,78.75,0.025
968,0.721875011920929,1.1736830472946167,1e-04,79.0,0.15
969,0.7200000286102295,1.174166202545166,1e-04,79.0,0.0875
970,0.7225000262260437,1.1703147888183594,1e-04,79.0,0.025
971,0.6931250095367432,1.2261708974838257,1e-04,79.25,0.18
972,0.7287499904632568,1.1753524541854858,1e-04,79.25,0.18
973,0.7106249928474426,1.1833873987197876,1e-04,78.75,-0.0275
974,0.7093750238418579,1.1853924989700317,1e-04,78.5,0.04
975,0.6931250095367432,1.2116053104400635,1e-04,78.75,0.025
976,0.690625011920929,1.2297227382659912,1e-04,78.5,-0.0325
977,0.7068750262260437,1.1870919466018677,1e-04,79.0,0.0375
978,0.7131249904632568,1.172064185142517,1e-04,79.0,0.0375
979,0.7174999713897705,1.163622498512268,1e-04,78.75,0.0425
980,0.715624988079071,1.210496187210083,1e-04,78.75,-0.1
981,0.7281249761581421,1.171869158744812,1e-04,78.5,0.03
982,0.7087500095367432,1.2019989490509033,1e-04,78.75,-0.035
983,0.6968749761581421,1.198165774345398,1e-04,78.75,0.035
984,0.7262499928474426,1.1792622804641724,1e-04,78.5,0.18
985,0.7256249785423279,1.1681140661239624,1e-04,78.5,0.18
986,0.7293750047683716,1.1768637895584106,1e-04,78.5,0.18
987,0.7206249833106995,1.2091408967971802,1e-04,78.5,0.18
988,0.6937500238418579,1.2036480903625488,1e-04,78.75,0.295
989,0.7300000190734863,1.156005620956421,1e-04,78.75,0.295
990,0.7193750143051147,1.1613677740097046,1e-04,78.75,0.2425
991,0.71875,1.1480927467346191,1e-04,78.5,0.1275
992,0.7250000238418579,1.141181468963623,1e-04,79.0,0.0375
993,0.7300000190734863,1.1386417150497437,1e-04,79.0,0.0375
994,0.7225000262260437,1.1588482856750488,1e-04,79.0,0.0375
995,0.7200000286102295,1.2053682804107666,1e-04,79.25,0.1125
996,0.7293750047683716,1.1541496515274048,1e-04,79.0,0.0475
997,0.7193750143051147,1.1653484106063843,1e-04,78.75,0.035
998,0.7093750238418579,1.1708446741104126,1e-04,79.0,0.09
999,0.703125,1.2010818719863892,1e-04,79.0,0.09
